Home.md,overview,Overview,/sofa-boot/docs/Home,sofa-boot
QuickStart.md,quick-start,Quick start guide,/sofa-boot/docs/QuickStart,sofa-boot
DependencyManagement.md,dependency-management,Dependency management,/sofa-boot/docs/DependencyManagement,sofa-boot
HealthCheck.md,health-check,Health check,/sofa-boot/docs/HealthCheck,sofa-boot
ViewVersions.md,view-versions,View version,/sofa-boot/docs/ViewVersions,sofa-boot
Modular-Development.md,modular-development,Modular development,/sofa-boot/docs/Modular-Development,sofa-boot
SOFABoot-Module.md,sofaboot-module,Module configuration,/sofa-boot/docs/SOFABoot-Module,sofa-boot
Module-Service.md,module-service,Publish and reference JVM services,/sofa-boot/docs/Module-Service,sofa-boot
parallel-start.md,parallel-start,Module parallel startup,/sofa-boot/docs/parallel-start,sofa-boot
SOFABoot-Profile.md,sofaboot-profile,SOFABoot profile,/sofa-boot/docs/SOFABoot-Profile,sofa-boot
extension.md,extension,SOFABoot Extension Point,/sofa-boot/docs/extension,sofa-boot
sofa-ark/readme.md,sofa-ark-readme,Introduction to SOFAArk,/sofa-boot/docs/sofa-ark-readme,sofa-boot
sofa-ark/ark-plugin-demo.md,sofa-ark-ark-plugin-demo,Package into Ark Plugin,/sofa-boot/docs/sofa-ark-ark-plugin-demo,sofa-boot
sofa-ark/ark-demo.md,sofa-ark-ark-demo,Package into Ark JAR,/sofa-boot/docs/sofa-ark-ark-demo,sofa-boot
sofa-ark/terminology.md,sofa-ark-terminology,Terminologies,/sofa-boot/docs/sofa-ark-terminology,sofa-boot
sofa-ark/ark-jar.md,sofa-ark-ark-jar,Ark JAR package,/sofa-boot/docs/sofa-ark-ark-jar,sofa-boot
sofa-ark/ark-plugin.md,sofa-ark-ark-plugin,Ark Plugin,/sofa-boot/docs/sofa-ark-ark-plugin,sofa-boot
sofa-ark/ark-biz.md.md,sofa-ark-ark-biz,Ark Biz,/sofa-boot/docs/sofa-ark/ark-biz,sofa-boot
ClassLoader-Isolation.md,classloader-isolation,Use class isolation in SOFABoot,/sofa-boot/docs/ClassLoader-Isolation,sofa-boot
sofa-ark/startup.md,sofa-ark-startup,Ark container startup process,/sofa-boot/docs/sofa-ark-startup,sofa-boot
sofa-ark/plugin.md,sofa-ark-plugin,Ark container plugin mechanism,/sofa-boot/docs/sofa-ark-plugin,sofa-boot
sofa-ark/classloader.md,sofa-ark-classloader,Ark container class loading mechanism,/sofa-boot/docs/sofa-ark-classloader,sofa-boot
sofa-ark/release.md,sofa-ark-release,Release notes,/sofa-boot/docs/sofa-ark-release,sofa-boot
sofa-ark/roadmap.md,sofa-ark-roadmap,Roadmap,/sofa-boot/docs/sofa-ark-roadmap,sofa-boot
sofa-ark/contribution.md,sofa-ark-contribution,Contribution,/sofa-boot/docs/sofa-ark-contribution,sofa-boot
sofa-jarslink/jarslink-readme.md,sofa-jarslink-jarslink-readme,Introduction to Jarslink,/sofa-boot/docs/sofa-jarslink-jarslink-readme,sofa-boot
sofa-jarslink/jarslink-app-demo.md,sofa-jarslink-jarslink-app-demo,Create a SOFABoot application,/sofa-boot/docs/sofa-jarslink-jarslink-app-demo,sofa-boot
sofa-jarslink/jarslink-deploy-demo.md,sofa-jarslink-jarslink-deploy-demo,Use Jarslink for multi-application dynamic deployment,/sofa-boot/docs/sofa-jarslink-jarslink-deploy-demo,sofa-boot
sofa-jarslink/jarslink-invocation-demo.md,sofa-jarslink-jarslink-invocation-demo,Communicate across applications,/sofa-boot/docs/sofa-jarslink-jarslink-invocation-demo,sofa-boot
sofa-jarslink/jarslink-health-demo.md,sofa-jarslink-jarslink-health-demo,Integrate SOFABoot health check,/sofa-boot/docs/sofa-jarslink-jarslink-health-demo,sofa-boot
sofa-jarslink/jarslink-repackage.md,sofa-jarslink-jarslink-repackage,Application packaging,/sofa-boot/docs/sofa-jarslink-jarslink-repackage,sofa-boot
sofa-jarslink/jarslink-deploy.md,sofa-jarslink-jarslink-deploy,Merged deployment,/sofa-boot/docs/sofa-jarslink-jarslink-deploy,sofa-boot
sofa-jarslink/jarslink-instruction.md,sofa-jarslink-jarslink-instruction,Interactive instruction,/sofa-boot/docs/sofa-jarslink-jarslink-instruction,sofa-boot
sofa-jarslink/jarslink-lifecycle.md,sofa-jarslink-jarslink-lifecycle,Lifecycle,/sofa-boot/docs/sofa-jarslink-jarslink-lifecycle,sofa-boot
sofa-jarslink/compile.md,sofa-jarslink-compile,Compile Jarslink project,/sofa-boot/docs/sofa-jarslink-compile,sofa-boot
sofa-jarslink/structure.md,sofa-jarslink-structure,Architecture,/sofa-boot/docs/sofa-jarslink-structure,sofa-boot
sofa-jarslink/model.md,sofa-jarslink-model,Basic model,/sofa-boot/docs/sofa-jarslink-model,sofa-boot
sofa-jarslink/version.md,sofa-jarslink-version,Version release,/sofa-boot/docs/sofa-jarslink-version,sofa-boot
sofa-jarslink/release.md,sofa-jarslink-release,Release notes,/sofa-boot/docs/sofa-jarslink-release,sofa-boot
sofa-jarslink/roadmap.md,sofa-jarslink-roadmap,Roadmap,/sofa-boot/docs/sofa-jarslink-roadmap,sofa-boot
sofa-jarslink/contribution.md,sofa-jarslink-contribution,Contribution,/sofa-boot/docs/sofa-jarslink-contribution,sofa-boot
upgrade_2_5_x.md,upgrade_2_5_x,SOFABoot 2.5.x upgrade,/sofa-boot/docs/upgrade_2_5_x,sofa-boot
upgrade_3_x.md,upgrade_3_x,SOFABoot 3.0 upgrade,/sofa-boot/docs/upgrade_3_x,sofa-boot
FAQ.md,faq,FAQ,/sofa-boot/docs/FAQ,sofa-boot