quickstart-metrics-server.md,quick-start-metrics-server,SOFALookout 服务端快速开始,/sofa-lookout/docs/quickstart-metrics-server,zh
quickstart-client-boot.md,quick-start-client-boot,客户端快速开始 - SOFABoot 项目,/sofa-lookout/docs/quickstart-client-boot,zh
quickstart-client-java.md,quick-start-client-java,客户端快速开始 - 普通 Java 项目,/sofa-lookout/docs/quickstart-client-java,zh
useguide-api.md,use-guide-api,客户端 API 使用指南,/sofa-lookout/docs/useguide-api,zh
useguide-registry.md,use-guide-registry,客户端 Registry 使用指南,/sofa-lookout/docs/useguide-registry,zh
useguide-samples.md,use-guide-samples,工程示例,/sofa-lookout/docs/useguide-samples,zh
useguide-other-metrics-protocol-support.md,use-guide-other-metrics-protocol-support,服务器端常见数据采集协议支持,/sofa-lookout/docs/useguide-other-metrics-protocol-support,zh
useguide-promql-feature-enhancement.md,use-guide-promql-feature-enhancement,服务器端 PromQL 语法特性增强,/sofa-lookout/docs/useguide-promql-feature-enhancement,zh
useguide-grafana.md,use-guide-grafana,服务器端 Grafana 使用指南,/sofa-lookout/docs/useguide-grafana,zh
useguide-es.md,use-guide-es,服务器端 ES 存储使用指南,/sofa-lookout/docs/useguide-es,zh
useguide-storage-ext.md,use-guide-storage-ext,服务器端 Metrics 存储扩展机制,/sofa-lookout/docs/useguide-storage-ext,zh
client-configuration.md,client-configuration,客户端配置,/sofa-lookout/docs/client-configuration,zh
client-ext-metrics.md,client-ext-metrics,内置扩展 Metrics 指标,/sofa-lookout/docs/client-ext-metrics,zh
SOFARPC-Metrics.md,sofarpc-metrics,SOFARPC Metrics 指标,/sofa-lookout/docs/SOFARPC-Metrics,zh
faq.md,faq,常见问题,/sofa-lookout/docs/faq,zh
development-useguide.md,development-use-guide,开发指南,/sofa-lookout/docs/development-useguide,zh
plan.md,plan,发展规划,/sofa-lookout/docs/plan,zh