Home.md,overview,SOFABoot 介绍,/sofa-boot/docs/Home,sofa-boot
QuickStart.md,quick-start,快速开始,/sofa-boot/docs/QuickStart,sofa-boot
DependencyManagement.md,dependency-management,依赖管理,/sofa-boot/docs/DependencyManagement,sofa-boot
HealthCheck.md,health-check,健康检查,/sofa-boot/docs/HealthCheck,sofa-boot
ViewVersions.md,view-versions,版本查看,/sofa-boot/docs/ViewVersions,sofa-boot
SpeedUpStartup.md,speed-up-startup,启动加速,/sofa-boot/docs/SpeedUpStartup,sofa-boot
Modular-Development.md,modular-development,模块化开发概述,/sofa-boot/docs/Modular-Development,sofa-boot
SOFABoot-Module.md,sofaboot-module,模块配置,/sofa-boot/docs/SOFABoot-Module,sofa-boot
Module-Service.md,module-service,JVM 服务发布与引用,/sofa-boot/docs/Module-Service,sofa-boot
parallel-start.md,parallel-start,模块并行化启动,/sofa-boot/docs/parallel-start,sofa-boot
SOFABoot-Profile.md,sofaboot-profile,SOFABoot Profile,/sofa-boot/docs/SOFABoot-Profile,sofa-boot
extension.md,extension,SOFABoot 拓展点,/sofa-boot/docs/extension,sofa-boot
sofa-ark/readme.md,sofa-ark-readme,SOFAArk 介绍,/sofa-boot/docs/sofa-ark-readme,sofa-boot
sofa-ark/ark-plugin-demo.md,sofa-ark-ark-plugin-demo,如何打包 Ark Plugin,/sofa-boot/docs/sofa-ark-ark-plugin-demo,sofa-boot
sofa-ark/ark-demo.md,sofa-ark-ark-demo,如何打包 Ark 包,/sofa-boot/docs/sofa-ark-ark-demo,sofa-boot
sofa-ark/terminology.md,sofa-ark-terminology,基础术语,/sofa-boot/docs/sofa-ark-terminology,sofa-boot
sofa-ark/ark-jar.md,sofa-ark-ark-jar,Ark 包,/sofa-boot/docs/sofa-ark-ark-jar,sofa-boot
sofa-ark/ark-plugin.md,sofa-ark-ark-plugin,Ark Plugin,/sofa-boot/docs/sofa-ark-ark-plugin,sofa-boot
sofa-ark/ark-biz.md,sofa-ark-ark-biz,Ark Biz,/sofa-boot/docs/sofa-ark-ark-biz,sofa-boot
sofa-ark/ark-config.md,sofa-ark-ark-config,SOFAArk 配置,/sofa-boot/docs/sofa-ark-ark-config,sofa-boot
sofa-ark/biz-lifecycle.md,sofa-ark-biz-lifecycle,Ark Biz 生命周期,/sofa-boot/docs/sofa-ark-biz-lifecycle,sofa-boot
sofa-ark/zk-config.md,sofa-ark-zk-config,Zookeeper 配置,/sofa-boot/docs/sofa-ark-zk-config,sofa-boot
sofa-ark/ark-service.md,sofa-ark-ark-service,Ark 服务机制,/sofa-boot/docs/sofa-ark-ark-service,sofa-boot
sofa-ark/ark-event.md,sofa-ark-ark-event,Ark 事件机制,/sofa-boot/docs/sofa-ark-ark-event,sofa-boot
sofa-ark/ark-extension.md,sofa-ark-ark-extension,Ark 扩展机制,/sofa-boot/docs/sofa-ark-ark-extension,sofa-boot
sofa-ark/ark-jvm.md,sofa-ark-ark-jvm,Ark 服务通信,/sofa-boot/docs/sofa-ark-ark-jvm,sofa-boot
sofa-ark/ark-telnet.md,sofa-ark-ark-telnet,Telnet 指令,/sofa-boot/docs/sofa-ark-ark-telnet,sofa-boot
sofa-ark/ark-log.md,sofa-ark-ark-log,Ark 日志,/sofa-boot/docs/sofa-ark-ark-log,sofa-boot
ClassLoader-Isolation.md,classloader-isolation,SOFABoot 使用类隔离,/sofa-boot/docs/ClassLoader-Isolation,sofa-boot
sofa-ark/startup.md,sofa-ark-startup,Ark 容器启动流程,/sofa-boot/docs/sofa-ark-startup,sofa-boot
sofa-ark/plugin.md,sofa-ark-plugin,Ark 容器插件机制,/sofa-boot/docs/sofa-ark-plugin,sofa-boot
sofa-ark/classloader.md,sofa-ark-classloader,Ark 容器类加载机制,/sofa-boot/docs/sofa-ark-classloader,sofa-boot
sofa-ark/release.md,sofa-ark-release,发布说明,/sofa-boot/docs/sofa-ark-release,sofa-boot
sofa-ark/roadmap.md,sofa-ark-roadmap,发展路线,/sofa-boot/docs/sofa-ark-roadmap,sofa-boot
sofa-ark/contribution.md,sofa-ark-contribution,参与贡献,/sofa-boot/docs/sofa-ark-contribution,sofa-boot
upgrade_2_5_x.md,upgrade_2_5_x,SOFABoot 2.5.x 升级注意事项,/sofa-boot/docs/upgrade_2_5_x,sofa-boot
upgrade_3_x.md,upgrade_3_x,SOFABoot 3.0 升级注意事项,/sofa-boot/docs/upgrade_3_x,sofa-boot
FAQ.md,faq,常见问题,/sofa-boot/docs/FAQ,sofa-boot
NOTICE.md,notice,版权声明,/sofa-boot/docs/NOTICE,sofa-boot