bolt-timeout,sofa-rpc/docs/Bolt-Timeout
bolt-usage,sofa-rpc/docs/Bolt-Usage
bolt,sofa-rpc/docs/Bolt
client-invoke-flow,sofa-rpc/docs/Client-Invoke-Flow
common-model,sofa-rpc/docs/Common-Model
configuration-common,sofa-rpc/docs/Configuration-Common
configuration-fault-tolerance,sofa-rpc/docs/Configuration-Fault-Tolerance
configuration,sofa-rpc/docs/Configuration
contributing,sofa-rpc/docs/Contributing
custom-filter,sofa-rpc/docs/Custom-Filter
custom-router,sofa-rpc/docs/Custom-Router
custom-threadpool,sofa-rpc/docs/Custom-ThreadPool
developer-guide,sofa-rpc/docs/DeveloperGuide
dubbo-usage,sofa-rpc/docs/Dubbo-Usage
dubbo,sofa-rpc/docs/Dubbo
extension-loader,sofa-rpc/docs/Extension-Loader
faq,sofa-rpc/docs/FAQ
fault-hystrix,sofa-rpc/docs/Fault-Hystrix
fault-tolerance,sofa-rpc/docs/Fault-Tolerance
fault,sofa-rpc/docs/Fault
features,sofa-rpc/docs/Features
generic-invoke,sofa-rpc/docs/Generic-Invoke
getting-started-with-rpc,sofa-rpc/docs/Getting-Started-With-RPC
getting-started-with-sofa-boot,sofa-rpc/docs/Getting-Started-with-SOFA-Boot
getting-started,sofa-rpc/docs/GettingStarted
graceful-shutdown,sofa-rpc/docs/Graceful-Shutdown
h2c-usage,sofa-rpc/docs/H2c-Usage
h2c,sofa-rpc/docs/H2c
overview,sofa-rpc/docs/Home
how-to-build,sofa-rpc/docs/How-To-Build
http-json,sofa-rpc/docs/Http-Json
invoke-chain-pass-data,sofa-rpc/docs/Invoke-Chain-Pass-Data
invoke-type,sofa-rpc/docs/Invoke-Type
load-balance,sofa-rpc/docs/Load-Balance
notice,sofa-rpc/docs/NOTICE
node-and-java-communicate,sofa-rpc/docs/Node-And-Java-Communicate
peer-to-peer,sofa-rpc/docs/Peer-To-Peer
programing-rpc,sofa-rpc/docs/Programing-RPC
programing-sofa-boot-api,sofa-rpc/docs/Programing-SOFA-BOOT-API
programing-sofa-boot-annotation,sofa-rpc/docs/Programing-SOFA-BOOT-Annotation
programing-sofa-boot-xml,sofa-rpc/docs/Programing-SOFA-BOOT-XML
programming,sofa-rpc/docs/Programming
protocol,sofa-rpc/docs/Protocol
provider-warmup-weight,sofa-rpc/docs/Provider-Warmup-Weight
publish-and-reference,sofa-rpc/docs/Publish-And-Reference
restful-basic,sofa-rpc/docs/RESTful-Basic
restful-cors,sofa-rpc/docs/RESTful-Cors
restful-exception,sofa-rpc/docs/RESTful-Exception
restful-filter,sofa-rpc/docs/RESTful-Filter
restful-swagger,sofa-rpc/docs/RESTful-Swagger
restful,sofa-rpc/docs/RESTful
rpc-config-xml-explain,sofa-rpc/docs/RPC-Config-Xml-Explain
registry-consul,sofa-rpc/docs/Registry-Consul
registry-extension-guide,sofa-rpc/docs/Registry-Extension-Guide
registry-local,sofa-rpc/docs/Registry-Local
registry-nacos,sofa-rpc/docs/Registry-Nacos
registry-sofa,sofa-rpc/docs/Registry-SOFA
registry-usage,sofa-rpc/docs/Registry-Usage
registry-zookeeper,sofa-rpc/docs/Registry-Zookeeper
release-notes,sofa-rpc/docs/ReleaseNotes
retry-invoke,sofa-rpc/docs/Retry-Invoke
roadmap,sofa-rpc/docs/RoadMap
sofatracer-usage,sofa-rpc/docs/SOFATracer-Usage
serialization,sofa-rpc/docs/Serialization
skywalking-usage,sofa-rpc/docs/Skywalking-Usage
structure-intro,sofa-rpc/docs/Structure-Intro
test,sofa-rpc/docs/Test
tracing-usage,sofa-rpc/docs/Tracing-Usage
user-guide,sofa-rpc/docs/UserGuide
version-release,sofa-rpc/docs/Version-Release
