Home.md,overview,Overview,/sofa-tracer/docs/Home,en
Explanation.md,explanation,Terminologies,/sofa-tracer/docs/Explanation,en
TraceIdGeneratedRule.md,traceidgeneratedrule,TraceId and spanId generation rule,/sofa-tracer/docs/TraceIdGeneratedRule,en
ComponentAccess.md,componentaccess,Quick start guide,/sofa-tracer/docs/ComponentAccess,en
Usage_Of_MVC.md,usage-of-mvc,Spring MVC Integration,/sofa-tracer/docs/Usage_Of_MVC,en
Usage_Of_HttpClient.md,usage-of-httpclient,HttpClient Integration,/sofa-tracer/docs/Usage_Of_HttpClient,en
Usage_Of_Datasource.md,usage-of-datasource,DataSource Integration,/sofa-tracer/docs/Usage_Of_Datasource,en
Usage_Of_RestTemplate.md,usage-of-resttemplate,RestTemplate Integration,/sofa-tracer/docs/Usage_Of_RestTemplate,en
Usage_Of_OkHttp.md,usage-of-okhttp,OkHttp Integration,/sofa-tracer/docs/Usage_Of_OkHttp,en
Usage_Of_Dubbo.md,usage-of-dubbo,Dubbo Integration,/sofa-tracer/docs/Usage_Of_Dubbo,en
Usage_Of_openfeign.md,usage-of-openfeign,OpenFeign Integration,/sofa-tracer/docs/Usage_Of_openfeign,en
PrintTraceIdSpanId.md,print-traceid-spanid,Print traceId and spanId in application log,/sofa-tracer/docs/PrintTraceIdSpanId,en
Async.md,async,Asynchronous thread processing,/sofa-tracer/docs/Async,en
Sampler.md,sampler,Sampling modes,/sofa-tracer/docs/Sampler,en
ReportToZipkin.md,report-to-zipkin,Report data to Zipkin,/sofa-tracer/docs/ReportToZipkin,en
Utils.md,utils,SOFATracer Tools,/sofa-tracer/docs/Utils,en
Configuration.md,configuration,SOFATracer configuration items,/sofa-tracer/docs/Configuration,en
Log_Format_SpringMVC.md,log-format-springmvc,Spring MVC log,/sofa-tracer/docs/Log_Format_SpringMVC,en
Log_Format_HttpClient.md,log-format-httpclient,HttpClient log,/sofa-tracer/docs/Log_Format_HttpClient,en
Log_Format_Datasource.md,log-format-datasource,DataSource log,/sofa-tracer/docs/Log_Format_Datasource,en
Log_Format_SOFARPC.md,log-format-sofarpc,SOFARPC log,/sofa-tracer/docs/Log_Format_SOFARPC,en
Log_Format_OkHttp.md,log-format-okhttp,OkHttp log,/sofa-tracer/docs/Log_Format_OkHttp,en
Log_Format_RestTemplate.md,log-format-resttemplate,RestTemplate log,/sofa-tracer/docs/Log_Format_RestTemplate,en
Log_Format_Dubbo.md,log-format-dubbo,Dubbo log,/sofa-tracer/docs/Log_Format_Dubbo,en
Log_Format_OpenFeign.md,log-format-openfeign,OpenFeign log,/sofa-tracer/docs/Log_Format_OpenFeign,en
RoadMap.md,roadmap,Roadmap,/sofa-tracer/docs/RoadMap,en