Getting-Started-With-RPC.md,getting-started-with-rpc,Get started with SOFARPC,/sofa-rpc/docs/Getting-Started-With-RPC,sofa-rpc
Getting-Started-With-SOFA-Boot.md,getting-started-with-sofa-boot,Get started with SOFABoot,/sofa-rpc/docs/Getting-Started-With-SOFA-Boot,sofa-rpc
Programming.md,programming,Programming,/sofa-rpc/docs/Programming,sofa-rpc
Programing-RPC.md,programing-rpc,Use API in non-Spring environment,/sofa-rpc/docs/Programing-RPC,sofa-rpc
Programing-SOFA-BOOT-XML.md,programing-sofa-boot-xml,Use XML in SOFABoot,/sofa-rpc/docs/Programing-SOFA-BOOT-XML,sofa-rpc
Programing-SOFA-BOOT-Annotation.md,programing-sofa-boot-annotation,Use annotation in SOFABoot,/sofa-rpc/docs/Programing-SOFA-BOOT-Annotation,sofa-rpc
Programing-SOFA-BOOT-API.md,programing-sofa-boot-api,Use dynamic API in SOFABoot,/sofa-rpc/docs/Programing-SOFA-BOOT-API,sofa-rpc
Features.md,features,Features,/sofa-rpc/docs/Features,sofa-rpc
Publish-And-Reference.md,publish-and-reference,Service publishing and reference,/sofa-rpc/docs/Publish-And-Reference,sofa-rpc
Protocol.md,protocol,Communication protocols,/sofa-rpc/docs/Protocol,sofa-rpc
Bolt.md,bolt,Bolt protocol,/sofa-rpc/docs/Bolt,sofa-rpc
Bolt-Usage.md,bolt-usage,Basic usage of Bolt protocol,/sofa-rpc/docs/Bolt-Usage,sofa-rpc
Invoke-Type.md,invoke-type,Calling type,/sofa-rpc/docs/Invoke-Type,sofa-rpc
Bolt-Timeout.md,bolt-timeout,Timeout control,/sofa-rpc/docs/Bolt-Timeout,sofa-rpc
Generic-Invoke.md,generic-invoke,Generic call,/sofa-rpc/docs/Generic-Invoke,sofa-rpc
Serialization.md,serialization,Serialization protocol,/sofa-rpc/docs/Serialization,sofa-rpc
Custom-ThreadPool.md,custom-thread-pool,Custom thread pool,/sofa-rpc/docs/Custom-ThreadPool,sofa-rpc
RESTful.md,restful,RESTful,/sofa-rpc/docs/RESTful,sofa-rpc
RESTful-Basic.md,restful-basic,Basic usage of RESTful protocol,/sofa-rpc/docs/RESTful-Basic,sofa-rpc
RESTful-Filter.md,restful-filter,REST filter,/sofa-rpc/docs/RESTful-Filter,sofa-rpc
RESTful-Swagger.md,restful-swagger,Integrate with Swagger,/sofa-rpc/docs/RESTful-Swagger,sofa-rpc
RESTful-Cors.md,restful-cors,REST Cors,/sofa-rpc/docs/RESTful-Cors,sofa-rpc
Dubbo.md,dubbo,Dubbo,/sofa-rpc/docs/Dubbo,sofa-rpc
Dubbo-Usage.md,dubbo-usage,Basic usage of Dubbo protocol,/sofa-rpc/docs/Dubbo-Usage,sofa-rpc
H2c.md,h2c,H2C,/sofa-rpc/docs/H2c,sofa-rpc
H2c-Usage.md,h2c-usage,Basic usage of H2C protocol,/sofa-rpc/docs/H2c-Usage,sofa-rpc
Home.md,overview,Overview,/sofa-rpc/docs/Home,sofa-rpc
Http.md,http,HTTP,/sofa-rpc/docs/Http,sofa-rpc
Http-Json.md,http-json,Basic usage of HTTP protocol,/sofa-rpc/docs/Http-Json,sofa-rpc
Registry-Usage.md,registry-usage,Select Service Registry,/sofa-rpc/docs/Registry-Usage,sofa-rpc
Registry-SOFA.md,registry-sofa,SOFARegistry,/sofa-rpc/docs/Registry-SOFA,sofa-rpc
Registry-Zookeeper.md,registry-zookeeper,Zookeeper,/sofa-rpc/docs/Registry-Zookeeper,sofa-rpc
Registry-Local.md,registry-local,Local,/sofa-rpc/docs/Registry-Local,sofa-rpc
Registry-Consul.md,registry-consul,Consul,/sofa-rpc/docs/Registry-Consul,sofa-rpc
Registry-Nacos.md,registry-nacos,Nacos,/sofa-rpc/docs/Registry-Nacos,sofa-rpc
Peer-To-Peer.md,peer-to-peer,Direct call,/sofa-rpc/docs/Peer-To-Peer,sofa-rpc
Load-Balance.md,load-balance,Load balance,/sofa-rpc/docs/Load-Balance,sofa-rpc
Custom-Filter.md,custom-filter,Custom filter,/sofa-rpc/docs/Custom-Filter,sofa-rpc
Custom-Router.md,custom-router,Custom router,/sofa-rpc/docs/Custom-Router,sofa-rpc
Retry-Invoke.md,retry-invoke,Retry strategy,/sofa-rpc/docs/Retry-Invoke,sofa-rpc
Tracing-Usage.md,tracing-usage,Tracing,/sofa-rpc/docs/Tracing-Usage,sofa-rpc
SOFATracer-Usage.md,sofatracer-usage,SOFATracer,/sofa-rpc/docs/SOFATracer-Usage,sofa-rpc
Skywalking-Usage.md,skywalking-usage,Skywalking,/sofa-rpc/docs/Skywalking-Usage,sofa-rpc
Custom-ThreadPool.md,custom-thread-pool,Custom thread pool,/sofa-rpc/docs/Custom-ThreadPool,sofa-rpc
Invoke-Chain-Pass-Data.md,invoke-chain-pass-data,Link data transparent transmission,/sofa-rpc/docs/Invoke-Chain-Pass-Data,sofa-rpc
Provider-Warmup-Weight.md,provider-warmup-weight,Warm-up weight,/sofa-rpc/docs/Provider-Warmup-Weight,sofa-rpc
Fault.md,fault,Disaster recovery,/sofa-rpc/docs/Fault,sofa-rpc
Fault-Tolerance.md,fault-tolerance,Fault tolerance,/sofa-rpc/docs/Fault-Tolerance,sofa-rpc
Fault-Hystrix.md,fault-hystrix,Hystrix fault tolerance,/sofa-rpc/docs/Fault-Hystrix,sofa-rpc
Node-And-Java-Communicate.md,node-and-java-communicate,NodeJS support,/sofa-rpc/docs/Node-And-Java-Communicate,sofa-rpc
Graceful-Shutdown.md,graceful-shutdown,Graceful shutdown,/sofa-rpc/docs/Graceful-Shutdown,sofa-rpc
Configuration.md,configuration,Configuration parameters,/sofa-rpc/docs/Configuration,sofa-rpc
RPC-Config-Xml-Explain.md,rpc-config-xml-explain,Service publishing and reference in SOFABoot,/sofa-rpc/docs/RPC-Config-Xml-Explain,sofa-rpc
Application-RPC-Config.md,application-rpc-config,RPC application parameter configuration,/sofa-rpc/docs/Application-RPC-Config,sofa-rpc
Configuration-Common.md,configuration-common,RPC publishing and reference configuration,/sofa-rpc/docs/Configuration-Common,sofa-rpc
Configuration-Fault-Tolerance.md,configuration-fault-tolerance,Fault tolerance,/sofa-rpc/docs/Configuration-Fault-Tolerance,sofa-rpc
How-To-Build.md,how-to-build,Compile SOFARPC project,/sofa-rpc/docs/How-To-Build,sofa-rpc
Structure-Intro.md,structure-intro,SOFARPC architecture,/sofa-rpc/docs/Structure-Intro,sofa-rpc
Client-Invoke-Flow.md,client-invoke-flow,Client call flow,/sofa-rpc/docs/Client-Invoke-Flow,sofa-rpc
Common-Model.md,common-model,Basic model,/sofa-rpc/docs/Common-Model,sofa-rpc
Extension-Loader.md,extension-loader,Extension mechanism,/sofa-rpc/docs/Extension-Loader,sofa-rpc
Registry-Extension-Guide.md,registry-extension-guide,Service Registry extension guide,/sofa-rpc/docs/Registry-Extension-Guide,sofa-rpc
Version-Release.md,version-release,Version release,/sofa-rpc/docs/Version-Release,sofa-rpc
Test.md,test,Test,/sofa-rpc/docs/Test,sofa-rpc
ReleaseNotes.md,release-notes,Release notes,/sofa-rpc/docs/ReleaseNotes,sofa-rpc
FAQ.md,faq,FAQ,/sofa-rpc/docs/FAQ,sofa-rpc
RoadMap.md,roadmap,Roadmap,/sofa-rpc/docs/RoadMap,sofa-rpc
Contributing.md,contributing,Contribution,/sofa-rpc/docs/Contributing,sofa-rpc
NOTICE.md,notice,Copyright,/sofa-rpc/docs/NOTICE,sofa-rpc